{
  "items": [
    {
      "wav": "output\\ace\\summer_dance_1056360660_techno.wav",
      "json": null,
      "mtime": 1764540376.4502437,
      "label": "summer_dance_1056360660_techno.wav",
      "info": {}
    },
    {
      "wav": "output\\ace\\summer_dance_1058321068_drum_bass_2.wav",
      "json": null,
      "mtime": 1764458227.0699673,
      "label": "summer_dance_1058321068_drum_bass_2.wav",
      "info": {}
    },
    {
      "wav": "output\\ace\\summer_dance_116553556_drum_bass_2.wav",
      "json": null,
      "mtime": 1764511617.2009478,
      "label": "summer_dance_116553556_drum_bass_2.wav",
      "info": {}
    },
    {
      "wav": "output\\ace\\summer_dance_1249511203_drum_bass_2.wav",
      "json": null,
      "mtime": 1764506476.806512,
      "label": "summer_dance_1249511203_drum_bass_2.wav",
      "info": {}
    },
    {
      "wav": "output\\ace\\summer_dance_1263145963_techno.wav",
      "json": null,
      "mtime": 1764540479.8332102,
      "label": "summer_dance_1263145963_techno.wav",
      "info": {}
    },
    {
      "wav": "output\\ace\\summer_dance_1420467376_drum_bass_2.wav",
      "json": null,
      "mtime": 1764457178.3175704,
      "label": "summer_dance_1420467376_drum_bass_2.wav",
      "info": {}
    },
    {
      "wav": "output\\ace\\summer_dance_1426384603_drum_bass_2.wav",
      "json": null,
      "mtime": 1764457862.3005536,
      "label": "summer_dance_1426384603_drum_bass_2.wav",
      "info": {}
    },
    {
      "wav": "output\\ace\\summer_dance_1469791504_drum_bass_2.wav",
      "json": null,
      "mtime": 1764537271.1647587,
      "label": "summer_dance_1469791504_drum_bass_2.wav",
      "info": {}
    },
    {
      "wav": "output\\ace\\summer_dance_1486819615_drum_bass_2.wav",
      "json": null,
      "mtime": 1764458049.66206,
      "label": "summer_dance_1486819615_drum_bass_2.wav",
      "info": {}
    },
    {
      "wav": "output\\ace\\summer_dance_1707459_techno.wav",
      "json": null,
      "mtime": 1764540307.59902,
      "label": "summer_dance_1707459_techno.wav",
      "info": {}
    },
    {
      "wav": "output\\ace\\summer_dance_1762695020_latin_pop_reggaeton_ish.wav",
      "json": null,
      "mtime": 1764540239.156898,
      "label": "summer_dance_1762695020_latin_pop_reggaeton_ish.wav",
      "info": {}
    },
    {
      "wav": "output\\ace\\summer_dance_182175635_pop_punk_emo_rock.wav",
      "json": null,
      "mtime": 1764540273.3790023,
      "label": "summer_dance_182175635_pop_punk_emo_rock.wav",
      "info": {}
    },
    {
      "wav": "output\\ace\\summer_dance_1828873856_drum_bass_2.wav",
      "json": null,
      "mtime": 1764458294.5585842,
      "label": "summer_dance_1828873856_drum_bass_2.wav",
      "info": {}
    },
    {
      "wav": "output\\ace\\summer_dance_2049454906_drum_bass_1_170_bpm.wav",
      "json": null,
      "mtime": 1764456542.4057274,
      "label": "summer_dance_2049454906_drum_bass_1_170_bpm.wav",
      "info": {}
    },
    {
      "wav": "output\\ace\\summer_dance_2124979371_techno.wav",
      "json": null,
      "mtime": 1764540341.9966319,
      "label": "summer_dance_2124979371_techno.wav",
      "info": {}
    },
    {
      "wav": "output\\ace\\summer_dance_2132198938_drum_bass_2.wav",
      "json": null,
      "mtime": 1764458132.2468288,
      "label": "summer_dance_2132198938_drum_bass_2.wav",
      "info": {}
    },
    {
      "wav": "output\\ace\\summer_dance_216957445_drum_bass_2.wav",
      "json": null,
      "mtime": 1764457513.10339,
      "label": "summer_dance_216957445_drum_bass_2.wav",
      "info": {}
    },
    {
      "wav": "output\\ace\\summer_dance_233812083_drum_bass_2.wav",
      "json": null,
      "mtime": 1764511659.2639,
      "label": "summer_dance_233812083_drum_bass_2.wav",
      "info": {}
    },
    {
      "wav": "output\\ace\\summer_dance_243675500_deep_house.wav",
      "json": null,
      "mtime": 1764540204.960337,
      "label": "summer_dance_243675500_deep_house.wav",
      "info": {}
    },
    {
      "wav": "output\\ace\\summer_dance_341737821_drum_bass_2.wav",
      "json": null,
      "mtime": 1764457787.3936017,
      "label": "summer_dance_341737821_drum_bass_2.wav",
      "info": {}
    },
    {
      "wav": "output\\ace\\summer_dance_540750487_deep_house.wav",
      "json": null,
      "mtime": 1764540087.829697,
      "label": "summer_dance_540750487_deep_house.wav",
      "info": {}
    },
    {
      "wav": "output\\ace\\summer_dance_681588303_techno.wav",
      "json": null,
      "mtime": 1764540410.8289535,
      "label": "summer_dance_681588303_techno.wav",
      "info": {}
    },
    {
      "wav": "output\\ace\\summer_dance_690556776_drum_bass_2.wav",
      "json": null,
      "mtime": 1764457958.9018688,
      "label": "summer_dance_690556776_drum_bass_2.wav",
      "info": {}
    },
    {
      "wav": "output\\ace\\summer_dance_809851178_techno.wav",
      "json": null,
      "mtime": 1764540445.3203642,
      "label": "summer_dance_809851178_techno.wav",
      "info": {}
    },
    {
      "wav": "output\\ace\\summer_dance_909217822_drum_bass_2.wav",
      "json": null,
      "mtime": 1764457721.281518,
      "label": "summer_dance_909217822_drum_bass_2.wav",
      "info": {}
    }
  ]
}