{
  "bg_presets": [
    {
      "name": "Background cleanup (plain wall)",
      "params": {
        "engine": "auto",
        "mode": "keep_subject",
        "threshold": 0,
        "feather": 5,
        "bias": 55,
        "edge_shift": 1,
        "spill": true,
        "invert": false,
        "auto_level": true,
        "repl_mode": "transparent",
        "sd_prompt": "plain white wall, studio, even lighting, no texture",
        "sd_negative": "shadows, gradients, stains, text",
        "sd_steps": 35,
        "sd_guidance": 8.5,
        "sd_strength": 0.85,
        "sd_seed": -1,
        "sd_auto_inpaint": false,
        "sd_freeze_unmasked": true,
        "sd_pad_px": 12,
        "overlay": 50
      }
    },
    {
      "name": "Hair-safe fine edges",
      "params": {
        "engine": "auto",
        "mode": "keep_subject",
        "threshold": 0,
        "feather": 7,
        "bias": 60,
        "edge_shift": -1,
        "spill": true,
        "invert": false,
        "auto_level": true,
        "repl_mode": "transparent",
        "repl_color": [
          255,
          255,
          255
        ],
        "repl_blur": 0,
        "drop_shadow": false,
        "anti_halo": true,
        "sd_prompt": "natural hair strands preserved, soft but accurate edges, realistic detail",
        "sd_negative": "plastic hair, blur, over-smooth, artifacts, text, watermark",
        "sd_steps": 34,
        "sd_guidance": 6.5,
        "sd_strength": 0.6,
        "sd_seed": -1,
        "sd_auto_bg": false,
        "sd_auto_inpaint": false,
        "sd_freeze_unmasked": true,
        "sd_pad_px": 12,
        "overlay": 55
      }
    },
    {
      "name": "Portrait clean cut (hair-safe)",
      "params": {
        "engine": "auto",
        "mode": "keep_subject",
        "threshold": 0,
        "feather": 6,
        "bias": 45,
        "edge_shift": -2,
        "spill": true,
        "invert": false,
        "auto_level": true,
        "repl_mode": "transparent",
        "repl_color": [
          255,
          255,
          255
        ],
        "repl_blur": 20,
        "drop_shadow": false,
        "shadow_alpha": 120,
        "shadow_blur": 18,
        "shadow_offx": 10,
        "shadow_offy": 10,
        "anti_halo": true,
        "sd_prompt": "clean studio background, realistic, natural hair edges",
        "sd_negative": "blurry, artifacts, distortion, text, watermark",
        "sd_steps": 28,
        "sd_guidance": 6.5,
        "sd_strength": 0.6,
        "sd_seed": -1,
        "sd_auto_bg": false,
        "sd_auto_inpaint": false,
        "sd_freeze_unmasked": true,
        "sd_pad_px": 8,
        "overlay": 50
      }
    },
    {
      "name": "Product hard edge (no halo)",
      "params": {
        "engine": "auto",
        "mode": "keep_subject",
        "threshold": 22,
        "feather": 2,
        "bias": 75,
        "edge_shift": -3,
        "spill": true,
        "invert": false,
        "auto_level": true,
        "repl_mode": "transparent",
        "repl_color": [
          255,
          255,
          255
        ],
        "repl_blur": 0,
        "drop_shadow": false,
        "anti_halo": true,
        "sd_prompt": "razor sharp product edges, clean cutout, studio look",
        "sd_negative": "halo, soft edge, gradient background, text, watermark",
        "sd_steps": 30,
        "sd_guidance": 7.2,
        "sd_strength": 0.5,
        "sd_seed": -1,
        "sd_auto_bg": false,
        "sd_auto_inpaint": false,
        "sd_freeze_unmasked": true,
        "sd_pad_px": 8,
        "overlay": 45
      }
    },
    {
      "name": "Product on white (no halo)",
      "params": {
        "engine": "auto",
        "mode": "keep_subject",
        "threshold": 28,
        "feather": 3,
        "bias": 60,
        "edge_shift": -3,
        "spill": true,
        "invert": false,
        "auto_level": true,
        "repl_mode": "color",
        "repl_color": [
          255,
          255,
          255
        ],
        "repl_blur": 0,
        "drop_shadow": true,
        "shadow_alpha": 140,
        "shadow_blur": 24,
        "shadow_offx": 12,
        "shadow_offy": 16,
        "anti_halo": true,
        "sd_prompt": "clean white seamless backdrop, soft studio shadow",
        "sd_negative": "text, logos, watermark, patterns, gradients, reflections",
        "sd_steps": 30,
        "sd_guidance": 7.0,
        "sd_strength": 0.5,
        "sd_seed": -1,
        "sd_auto_inpaint": false,
        "sd_freeze_unmasked": true,
        "sd_pad_px": 6,
        "overlay": 40
      }
    },
    {
      "name": "Remove object (street)",
      "params": {
        "engine": "auto",
        "mode": "keep_subject",
        "threshold": 0,
        "feather": 4,
        "bias": 50,
        "edge_shift": 0,
        "spill": true,
        "invert": false,
        "auto_level": true,
        "repl_mode": "transparent",
        "repl_color": [
          255,
          255,
          255
        ],
        "repl_blur": 20,
        "drop_shadow": false,
        "anti_halo": true,
        "sd_prompt": "clean empty street, continuous asphalt, matching lighting, seamless fill",
        "sd_negative": "people, cars, shadows, repeating patterns, text, logos",
        "sd_steps": 40,
        "sd_guidance": 7.5,
        "sd_strength": 0.75,
        "sd_seed": -1,
        "sd_auto_inpaint": false,
        "sd_freeze_unmasked": true,
        "sd_pad_px": 16,
        "overlay": 50
      }
    },
    {
      "name": "Small blemish fix (faces)",
      "params": {
        "engine": "auto",
        "mode": "keep_subject",
        "threshold": 0,
        "feather": 6,
        "bias": 50,
        "edge_shift": 0,
        "spill": true,
        "invert": false,
        "auto_level": true,
        "repl_mode": "transparent",
        "drop_shadow": false,
        "anti_halo": true,
        "sd_prompt": "natural skin texture, subtle, realistic",
        "sd_negative": "blurry, plastic skin, over-smooth, waxy",
        "sd_steps": 20,
        "sd_guidance": 5.0,
        "sd_strength": 0.45,
        "sd_seed": -1,
        "sd_auto_inpaint": false,
        "sd_freeze_unmasked": true,
        "sd_pad_px": 6,
        "overlay": 60
      }
    },
    {
      "name": "Tight cut (anti-halo+)",
      "params": {
        "engine": "auto",
        "mode": "keep_subject",
        "threshold": 8,
        "feather": 4,
        "bias": 68,
        "edge_shift": -4,
        "spill": true,
        "invert": false,
        "auto_level": true,
        "repl_mode": "transparent",
        "repl_color": [
          255,
          255,
          255
        ],
        "repl_blur": 0,
        "drop_shadow": false,
        "shadow_alpha": 120,
        "shadow_blur": 18,
        "shadow_offx": 10,
        "shadow_offy": 10,
        "anti_halo": true,
        "sd_prompt": "clean separation, crisp subject edges, no background artifacts, photorealistic",
        "sd_negative": "halo, fringing, blur, double edge, text, watermark",
        "sd_steps": 32,
        "sd_guidance": 7.0,
        "sd_strength": 0.55,
        "sd_seed": -1,
        "sd_auto_bg": false,
        "sd_auto_inpaint": false,
        "sd_freeze_unmasked": true,
        "sd_pad_px": 10,
        "overlay": 50
      }
    },
    {
      "name": "Inpaint: Art gallery (soft light)",
      "params": {
        "engine": "auto",
        "mode": "keep_subject",
        "threshold": 0,
        "feather": 6,
        "bias": 53,
        "edge_shift": 0,
        "spill": true,
        "invert": false,
        "auto_level": true,
        "repl_mode": "transparent",
        "drop_shadow": false,
        "anti_halo": true,
        "sd_prompt": "minimalist art gallery interior, neutral walls, soft spotlights, polished floor reflections, photorealistic",
        "sd_negative": "readable text, specific artwork, logos, watermark",
        "sd_steps": 41,
        "sd_guidance": 8.1,
        "sd_strength": 0.82,
        "sd_seed": -1,
        "sd_auto_bg": true,
        "sd_auto_inpaint": true,
        "sd_freeze_unmasked": true,
        "sd_pad_px": 24,
        "overlay": 50
      }
    },
    {
      "name": "Inpaint: Beach sunset",
      "params": {
        "engine": "auto",
        "mode": "keep_subject",
        "threshold": 0,
        "feather": 7,
        "bias": 54,
        "edge_shift": 0,
        "spill": true,
        "invert": false,
        "auto_level": true,
        "repl_mode": "transparent",
        "drop_shadow": false,
        "anti_halo": true,
        "sd_prompt": "golden hour beach, warm sunset sky, gentle ocean waves, wet sand reflections, photorealistic, shallow depth of field",
        "sd_negative": "text, watermark, logos, hard shadows, overexposed highlights, readable faces",
        "sd_steps": 42,
        "sd_guidance": 8.8,
        "sd_strength": 0.85,
        "sd_seed": -1,
        "sd_auto_bg": true,
        "sd_auto_inpaint": true,
        "sd_freeze_unmasked": true,
        "sd_pad_px": 28,
        "overlay": 50
      }
    },
    {
      "name": "Inpaint: Busy street background",
      "params": {
        "engine": "auto",
        "mode": "keep_subject",
        "threshold": 0,
        "feather": 7,
        "bias": 52,
        "edge_shift": 1,
        "spill": true,
        "invert": false,
        "auto_level": true,
        "repl_mode": "transparent",
        "drop_shadow": false,
        "anti_halo": true,
        "sd_prompt": "dynamic city street, soft crowd bokeh, storefronts and signage, natural daylight, realistic motion blur hints, photorealistic",
        "sd_negative": "readable text, logos, license plates, warped faces, watermark",
        "sd_steps": 42,
        "sd_guidance": 8.5,
        "sd_strength": 0.85,
        "sd_seed": -1,
        "sd_auto_bg": true,
        "sd_auto_inpaint": true,
        "sd_freeze_unmasked": true,
        "sd_pad_px": 28,
        "overlay": 50
      }
    },
    {
      "name": "Inpaint: Cozy caf\u00e9 interior",
      "params": {
        "engine": "auto",
        "mode": "keep_subject",
        "threshold": 0,
        "feather": 8,
        "bias": 50,
        "edge_shift": 1,
        "spill": true,
        "invert": false,
        "auto_level": true,
        "repl_mode": "transparent",
        "drop_shadow": false,
        "anti_halo": true,
        "sd_prompt": "warm caf\u00e9 interior, wooden tables, hanging lamps, soft bokeh background, subtle steam, photorealistic",
        "sd_negative": "readable text, logos, brand names, sharp faces, watermark",
        "sd_steps": 44,
        "sd_guidance": 9.0,
        "sd_strength": 0.86,
        "sd_seed": -1,
        "sd_auto_bg": true,
        "sd_auto_inpaint": true,
        "sd_freeze_unmasked": true,
        "sd_pad_px": 26,
        "overlay": 50
      }
    },
    {
      "name": "Inpaint: Desert canyon vista",
      "params": {
        "engine": "auto",
        "mode": "keep_subject",
        "threshold": 0,
        "feather": 7,
        "bias": 55,
        "edge_shift": 0,
        "spill": true,
        "invert": false,
        "auto_level": true,
        "repl_mode": "transparent",
        "drop_shadow": false,
        "anti_halo": true,
        "sd_prompt": "red rock canyon, layered cliffs, blue sky, warm light, depth haze, photorealistic",
        "sd_negative": "text, watermark, repetitive textures, blown highlights",
        "sd_steps": 44,
        "sd_guidance": 8.9,
        "sd_strength": 0.87,
        "sd_seed": -1,
        "sd_auto_bg": true,
        "sd_auto_inpaint": true,
        "sd_freeze_unmasked": true,
        "sd_pad_px": 30,
        "overlay": 50
      }
    },
    {
      "name": "Inpaint: Futuristic neon alley",
      "params": {
        "engine": "auto",
        "mode": "keep_subject",
        "threshold": 0,
        "feather": 8,
        "bias": 52,
        "edge_shift": 1,
        "spill": true,
        "invert": false,
        "auto_level": true,
        "repl_mode": "transparent",
        "drop_shadow": false,
        "anti_halo": true,
        "sd_prompt": "neon-lit alleyway, moody haze, reflective puddles, cinematic cyberpunk vibe, vibrant lights, photorealistic",
        "sd_negative": "legible signs, logos, recognizable trademarks, heavy noise, artifacting",
        "sd_steps": 46,
        "sd_guidance": 9.5,
        "sd_strength": 0.88,
        "sd_seed": -1,
        "sd_auto_bg": true,
        "sd_auto_inpaint": true,
        "sd_freeze_unmasked": true,
        "sd_pad_px": 30,
        "overlay": 50
      }
    },
    {
      "name": "Inpaint: Nature background",
      "params": {
        "engine": "auto",
        "mode": "keep_subject",
        "threshold": 0,
        "feather": 6,
        "bias": 55,
        "edge_shift": 0,
        "spill": true,
        "invert": false,
        "auto_level": true,
        "repl_mode": "transparent",
        "drop_shadow": false,
        "anti_halo": true,
        "sd_prompt": "lush green forest with soft bokeh, golden hour light, realistic foliage, gentle depth of field, photorealistic",
        "sd_negative": "text, watermark, logo, lowres, noisy artifacts, repeated patterns",
        "sd_steps": 40,
        "sd_guidance": 8.0,
        "sd_strength": 0.8,
        "sd_seed": -1,
        "sd_auto_bg": true,
        "sd_auto_inpaint": true,
        "sd_freeze_unmasked": true,
        "sd_pad_px": 24,
        "overlay": 50
      }
    },
    {
      "name": "Inpaint: Nightclub with dancers",
      "params": {
        "engine": "auto",
        "mode": "keep_subject",
        "threshold": 0,
        "feather": 8,
        "bias": 50,
        "edge_shift": 1,
        "spill": true,
        "invert": false,
        "auto_level": true,
        "repl_mode": "transparent",
        "drop_shadow": false,
        "anti_halo": true,
        "sd_prompt": "vibrant nightclub interior, dancing crowd, colored spotlights, haze, neon accents, shallow depth of field, photorealistic",
        "sd_negative": "text, watermark, posterized colors, smeared faces, repetitive patterns",
        "sd_steps": 44,
        "sd_guidance": 9.0,
        "sd_strength": 0.85,
        "sd_seed": -1,
        "sd_auto_bg": true,
        "sd_auto_inpaint": true,
        "sd_freeze_unmasked": true,
        "sd_pad_px": 30,
        "overlay": 50
      }
    },
    {
      "name": "Inpaint: Office workspace (modern)",
      "params": {
        "engine": "auto",
        "mode": "keep_subject",
        "threshold": 0,
        "feather": 6,
        "bias": 56,
        "edge_shift": 0,
        "spill": true,
        "invert": false,
        "auto_level": true,
        "repl_mode": "transparent",
        "drop_shadow": false,
        "anti_halo": true,
        "sd_prompt": "modern office interior, large windows, soft daylight, plants, clean desks, photorealistic with shallow depth of field",
        "sd_negative": "readable monitor text, logos, badges, watermark, crowded composition",
        "sd_steps": 43,
        "sd_guidance": 8.2,
        "sd_strength": 0.82,
        "sd_seed": -1,
        "sd_auto_bg": true,
        "sd_auto_inpaint": true,
        "sd_freeze_unmasked": true,
        "sd_pad_px": 24,
        "overlay": 50
      }
    },
    {
      "name": "Inpaint: Snowy mountain village",
      "params": {
        "engine": "auto",
        "mode": "keep_subject",
        "threshold": 0,
        "feather": 7,
        "bias": 58,
        "edge_shift": 0,
        "spill": true,
        "invert": false,
        "auto_level": true,
        "repl_mode": "transparent",
        "drop_shadow": false,
        "anti_halo": true,
        "sd_prompt": "alpine village, snowy rooftops, soft overcast light, distant peaks, gentle atmosphere, photorealistic",
        "sd_negative": "text, logos, harsh contrast, posterization, cartoonish look",
        "sd_steps": 45,
        "sd_guidance": 8.7,
        "sd_strength": 0.86,
        "sd_seed": -1,
        "sd_auto_bg": true,
        "sd_auto_inpaint": true,
        "sd_freeze_unmasked": true,
        "sd_pad_px": 32,
        "overlay": 50
      }
    }
  ],
  "out_dir": "C:\\FrameVision-main\\output\\images\\BG inpaint"
}