{
  "version": 1,
  "presets": [
    {
      "id": "clean",
      "name": "Clean cuts (no FX)",
      "description": "Very clean edit, slower cuts, no extra FX.",
      "settings": {
        "check_nofx": true,
        "combo_fx": 0,
        "spin_beats_per_seg": 16,
        "combo_transitions": 1
      }
    },
    {
      "id": "chill",
      "name": "Chill / slow cinematic",
      "description": "Soft cuts with gentle slow-motion and cinematic moves.",
      "settings": {
        "combo_fx": 0,
        "spin_beats_per_seg": 32,
        "check_slow_enable": true,
        "check_slow_break": true,
        "check_slow_chorus": true,
        "slider_slow_factor": 60,
        "check_cine_enable": true,
        "check_cine_freeze": true,
        "slider_cine_freeze_len": 70,
        "slider_cine_freeze_zoom": 10,
        "check_cine_speed_ramp": true,
        "slider_cine_ramp_in": 25,
        "slider_cine_ramp_out": 25,
        "check_cine_dolly": false,
        "check_cine_kenburns": true,
        "slider_cine_dolly_strength": 35,
        "slider_cine_kenburns_strength": 40,
        "combo_cine_motion_dir": 0,
        "combo_transitions": 0,
        "check_visual_overlay": true,
        "check_visual_strategy_segment": false,
        "check_visual_strategy_section": true,
        "slider_visual_opacity": 20
      }
    },
    {
      "id": "pop",
      "name": "Balanced pop",
      "description": "Microclips on choruses & drops, moderate FX and transitions.",
      "settings": {
        "combo_fx": 1,
        "spin_beats_per_seg": 8,
        "check_micro_chorus": true,
        "check_slow_enable": true,
        "check_slow_break": true,
        "check_slow_chorus": true,
        "slider_slow_factor": 70,
        "check_cine_enable": true,
        "check_cine_freeze": true,
        "slider_cine_freeze_len": 50,
        "slider_cine_freeze_zoom": 15,
        "check_cine_stutter": true,
        "spin_cine_stutter_repeats": 3,
        "check_cine_speed_ramp": true,
        "slider_cine_ramp_in": 20,
        "slider_cine_ramp_out": 20,
        "check_cine_boomerang": true,
        "slider_cine_boomerang_bounces": 1,
        "check_cine_dolly": true,
        "check_cine_kenburns": true,
        "slider_cine_dolly_strength": 55,
        "slider_cine_kenburns_strength": 45,
        "combo_cine_motion_dir": 0,
        "check_impact_enable": true,
        "check_impact_flash": true,
        "slider_impact_flash": 70,
        "check_impact_shock": true,
        "slider_impact_shock": 70,
        "check_impact_confetti": true,
        "slider_impact_confetti": 60,
        "check_impact_zoom": true,
        "slider_impact_zoom": 20,
        "check_impact_shake": true,
        "slider_impact_shake": 55,
        "check_impact_random": true,
        "combo_transitions": 6,
        "check_trans_random": true,
        "check_visual_overlay": false,
        "check_visual_strategy_segment": false,
        "check_visual_strategy_section": false,
        "slider_visual_opacity": 20
      }
    },
    {
      "id": "club",
      "name": "Club drops",
      "description": "Stronger FX around breaks/drops, club-style flashes and hits.",
      "settings": {
        "combo_fx": 4,
        "spin_beats_per_seg": 4,
        "check_micro_chorus": true,
        "check_slow_enable": false,
        "check_slow_break": false,
        "slider_slow_factor": 55,
        "check_cine_enable": true,
        "check_cine_freeze": false,
        "slider_cine_freeze_len": 40,
        "slider_cine_freeze_zoom": 20,
        "check_cine_stutter": true,
        "spin_cine_stutter_repeats": 3,
        "check_cine_reverse": true,
        "slider_cine_reverse_len": 40,
        "check_cine_speed_ramp": true,
        "slider_cine_ramp_in": 15,
        "slider_cine_ramp_out": 15,
        "check_cine_boomerang": true,
        "slider_cine_boomerang_bounces": 3,
        "check_cine_dolly": false,
        "check_cine_kenburns": false,
        "slider_cine_dolly_strength": 70,
        "slider_cine_kenburns_strength": 55,
        "combo_cine_motion_dir": 0,
        "check_impact_enable": true,
        "check_impact_flash": true,
        "check_impact_shock": true,
        "check_impact_confetti": true,
        "check_impact_zoom": true,
        "check_impact_shake": true,
        "check_impact_fog": true,
        "check_impact_fire_gold": true,
        "check_impact_fire_multi": true,
        "slider_impact_flash": 80,
        "slider_impact_shock": 75,
        "slider_impact_confetti": 70,
        "slider_impact_zoom": 25,
        "slider_impact_shake": 70,
        "slider_impact_fog": 60,
        "slider_impact_fire_gold": 75,
        "slider_impact_fire_multi": 80,
        "check_impact_random": true,
        "combo_transitions": 7,
        "check_trans_random": true,
        "check_visual_overlay": true,
        "check_visual_strategy_segment": false,
        "check_visual_strategy_section": true,
        "slider_visual_opacity": 20
      }
    },
    {
      "id": "rave",
      "name": "Rave / hard DnB (2 beat cuts)",
      "description": "Fast cuts, microclips almost everywhere, heavy strobe / impact FX.",
      "settings": {
        "combo_fx": 2,
        "spin_beats_per_seg": 2,
        "check_micro_all": true,
        "check_slow_enable": false,
        "check_cine_enable": true,
        "check_cine_freeze": false,
        "slider_cine_freeze_len": 35,
        "slider_cine_freeze_zoom": 22,
        "check_cine_stutter": true,
        "spin_cine_stutter_repeats": 3,
        "check_cine_reverse": true,
        "slider_cine_reverse_len": 35,
        "check_cine_boomerang": true,
        "slider_cine_boomerang_bounces": 5,
        "check_cine_dolly": false,
        "check_cine_kenburns": false,
        "slider_cine_dolly_strength": 85,
        "slider_cine_kenburns_strength": 60,
        "combo_cine_motion_dir": 0,
        "check_impact_enable": true,
        "check_impact_flash": true,
        "check_impact_shock": true,
        "check_impact_confetti": true,
        "check_impact_zoom": true,
        "check_impact_shake": true,
        "check_impact_fog": true,
        "check_impact_fire_gold": true,
        "check_impact_fire_multi": true,
        "slider_impact_flash": 90,
        "slider_impact_shock": 85,
        "slider_impact_confetti": 80,
        "slider_impact_zoom": 30,
        "slider_impact_shake": 80,
        "slider_impact_fog": 75,
        "slider_impact_fire_gold": 80,
        "slider_impact_fire_multi": 80,
        "check_impact_random": true,
        "combo_transitions": 7,
        "check_trans_random": true,
        "check_visual_overlay": true,
        "check_visual_strategy_segment": true,
        "check_visual_strategy_section": false,
        "slider_visual_opacity": 30
      }
    },
    {
      "id": "best_of_everything",
      "name": "Best of everything",
      "description": "User preset: Best of everything",
      "settings": {
        "combo_fx": 2,
        "check_nofx": false,
        "check_micro_chorus": false,
        "check_micro_all": false,
        "check_micro_verses": true,
        "check_intro_fade": true,
        "check_outro_fade": true,
        "combo_transitions": 7,
        "check_trans_random": true,
        "slider_sens": 20,
        "spin_beats_per_seg": 8,
        "check_min_clip": false,
        "spin_min_clip": 2.0,
        "check_slow_enable": false,
        "check_slow_intro": false,
        "check_slow_break": false,
        "check_slow_chorus": false,
        "check_slow_drop": false,
        "check_slow_outro": false,
        "check_slow_random": false,
        "slider_slow_factor": 50,
        "check_cine_enable": true,
        "check_cine_freeze": false,
        "check_cine_stutter": true,
        "spin_cine_stutter_repeats": 3,
        "check_cine_reverse": true,
        "slider_cine_reverse_len": 25,
        "check_cine_speed_ramp": false,
        "slider_cine_ramp_in": 25,
        "slider_cine_ramp_out": 25,
        "check_cine_boomerang": true,
        "slider_cine_boomerang_bounces": 3,
        "check_cine_mosaic": true,
        "check_cine_mosaic_random": true,
        "check_cine_rotate": true,
        "slider_cine_rotate_degrees": 45,
        "check_cine_multiply": true,
        "check_cine_multiply_random": true,
        "check_cine_dolly": false,
        "slider_cine_dolly_strength": 50,
        "check_cine_kenburns": false,
        "slider_cine_kenburns_strength": 40,
        "combo_cine_motion_dir": 0,
        "check_impact_enable": true,
        "check_impact_flash": true,
        "slider_impact_flash": 100,
        "check_impact_shock": true,
        "slider_impact_shock": 35,
        "check_impact_zoom": true,
        "slider_impact_zoom": 15,
        "check_impact_shake": true,
        "slider_impact_shake": 50,
        "check_impact_random": true,
        "check_visual_overlay": true,
        "check_visual_strategy_segment": false,
        "check_visual_strategy_section": true,
        "slider_visual_opacity": 20
      }
    },
    {
      "id": "best_for_house",
      "name": "best for house",
      "description": "User preset: best for house",
      "settings": {
        "combo_fx": 1,
        "check_nofx": false,
        "check_micro_chorus": false,
        "check_micro_all": false,
        "check_micro_verses": true,
        "check_intro_fade": true,
        "check_outro_fade": true,
        "combo_transitions": 6,
        "check_trans_random": true,
        "slider_sens": 14,
        "spin_beats_per_seg": 8,
        "check_min_clip": false,
        "spin_min_clip": 2.0,
        "check_slow_enable": false,
        "check_slow_intro": false,
        "check_slow_break": true,
        "check_slow_chorus": true,
        "check_slow_drop": false,
        "check_slow_outro": false,
        "check_slow_random": false,
        "slider_slow_factor": 70,
        "check_cine_enable": true,
        "check_cine_freeze": false,
        "slider_cine_freeze_len": 50,
        "slider_cine_freeze_zoom": 15,
        "check_cine_stutter": true,
        "spin_cine_stutter_repeats": 5,
        "check_cine_reverse": true,
        "slider_cine_reverse_len": 25,
        "check_cine_speed_ramp": false,
        "slider_cine_ramp_in": 20,
        "slider_cine_ramp_out": 20,
        "check_cine_boomerang": true,
        "slider_cine_boomerang_bounces": 3,
        "check_cine_mosaic": true,
        "slider_cine_mosaic_screens": 9,
        "check_cine_mosaic_random": true,
        "check_cine_flip": false,
        "check_cine_rotate": true,
        "slider_cine_rotate_degrees": 46,
        "check_cine_multiply": true,
        "slider_cine_multiply_screens": 9,
        "check_cine_multiply_random": true,
        "check_cine_dolly": false,
        "slider_cine_dolly_strength": 55,
        "check_cine_kenburns": false,
        "slider_cine_kenburns_strength": 45,
        "combo_cine_motion_dir": 0,
        "check_impact_enable": true,
        "check_impact_flash": true,
        "slider_impact_flash": 70,
        "check_impact_shock": true,
        "slider_impact_shock": 70,
        "check_impact_confetti": true,
        "slider_impact_confetti": 60,
        "check_impact_zoom": true,
        "slider_impact_zoom": 20,
        "check_impact_shake": true,
        "slider_impact_shake": 55,
        "check_impact_fog": false,
        "slider_impact_fog": 75,
        "check_impact_fire_gold": false,
        "slider_impact_fire_gold": 80,
        "check_impact_fire_multi": false,
        "slider_impact_fire_multi": 80,
        "check_impact_random": true,
        "check_visual_overlay": true,
        "check_visual_strategy_segment": false,
        "check_visual_strategy_section": true,
        "slider_visual_opacity": 20
      }
    },
    {
      "id": "total_chaos",
      "name": "Total Chaos",
      "description": "Everything on: heavy cinematic + impacts, 1-beat segments, max sensitivity, wild overlays.",
      "settings": {
        "combo_fx": 2,
        "spin_beats_per_seg": 1,
        "check_micro_verses": true,
        "check_slow_enable": false,
        "check_slow_intro": false,
        "check_slow_break": false,
        "check_slow_chorus": false,
        "check_slow_drop": false,
        "check_slow_outro": false,
        "check_slow_random": false,
        "check_cine_enable": true,
        "check_cine_freeze": false,
        "check_cine_stutter": true,
        "spin_cine_stutter_repeats": 3,
        "check_cine_reverse": true,
        "slider_cine_reverse_len": 40,
        "check_cine_speed_ramp": true,
        "slider_cine_ramp_in": 15,
        "slider_cine_ramp_out": 15,
        "check_cine_boomerang": true,
        "slider_cine_boomerang_bounces": 4,
        "check_cine_dolly": false,
        "check_cine_kenburns": false,
        "check_impact_enable": true,
        "check_impact_flash": true,
        "slider_impact_flash": 90,
        "check_impact_shock": true,
        "slider_impact_shock": 85,
        "check_impact_confetti": true,
        "slider_impact_confetti": 80,
        "check_impact_zoom": true,
        "slider_impact_zoom": 35,
        "check_impact_shake": true,
        "slider_impact_shake": 85,
        "check_impact_fog": true,
        "slider_impact_fog": 80,
        "check_impact_fire_gold": true,
        "slider_impact_fire_gold": 85,
        "check_impact_fire_multi": true,
        "slider_impact_fire_multi": 85,
        "check_impact_random": true,
        "combo_transitions": 7,
        "check_trans_random": true,
        "check_visual_overlay": true,
        "check_visual_strategy_segment": true,
        "check_visual_strategy_section": false,
        "slider_visual_opacity": 35
      }
    },
    {
      "id": "beat_visuals_only",
      "name": "Beat-synced Visuals Only",
      "description": "No additional FX, only beat-synced music-player visuals at 100% opacity, new visual every segment.",
      "settings": {
        "check_nofx": false,
        "combo_fx": 0,
        "spin_beats_per_seg": 4,
        "combo_transitions": 1,
        "check_slow_enable": false,
        "check_cine_enable": false,
        "check_impact_enable": false,
        "check_visual_overlay": true,
        "check_visual_strategy_segment": true,
        "check_visual_strategy_section": false,
        "slider_visual_opacity": 100
      }
    }
  ]
}