{
  "RealESR-general-x4v3": {
    "exe": "realesrgan/realesrgan-ncnn-vulkan.exe",
    "url": "",
    "checksum": "",
    "name": "RealESR-general-x4v3",
    "cli_name": "realesr-general-x4v3"
  },
  "RealESRGAN-x4plus": {
    "exe": "realesrgan/realesrgan-ncnn-vulkan.exe",
    "url": "",
    "checksum": "",
    "name": "RealESRGAN-x4plus",
    "cli_name": "realesrgan-x4plus"
  },
  "RealESRGAN-x4plus-anime": {
    "exe": "realesrgan/realesrgan-ncnn-vulkan.exe",
    "url": "",
    "checksum": "",
    "name": "RealESRGAN-x4plus-anime",
    "cli_name": "realesrgan-x4plus"
  },
  "RealESR-animevideov3-x2": {
    "exe": "realesrgan/realesrgan-ncnn-vulkan.exe",
    "url": "",
    "checksum": "",
    "name": "RealESR-animevideov3-x2",
    "cli_name": "realesr-animevideov3"
  },
  "RealESR-animevideov3-x3": {
    "exe": "realesrgan/realesrgan-ncnn-vulkan.exe",
    "url": "",
    "checksum": "",
    "name": "RealESR-animevideov3-x3",
    "cli_name": "realesr-animevideov3"
  },
  "RealESR-animevideov3-x4": {
    "exe": "realesrgan/realesrgan-ncnn-vulkan.exe",
    "url": "",
    "checksum": "",
    "name": "RealESR-animevideov3-x4",
    "cli_name": "realesr-animevideov3"
  },
  "SwinIR-x4": {
    "exe": "swinir/swinir-ncnn-vulkan.exe",
    "url": "",
    "checksum": "",
    "name": "SwinIR-x4"
  },
  "LapSRN-x4": {
    "exe": "lapsrn/lapsrn-ncnn-vulkan.exe",
    "url": "",
    "checksum": "",
    "name": "LapSRN-x4"
  },
  "rife-ncnn-vulkan": {
    "root": "./models/rife-ncnn-vulkan",
    "exe": "rife-ncnn-vulkan.exe",
    "models": {
      "rife": {
        "files": [
          "contextnet.bin",
          "contextnet.param",
          "flownet.bin",
          "flownet.param",
          "fusionnet.bin",
          "fusionnet.param"
        ]
      },
      "rife-v4": {
        "files": [
          "contextnet.bin",
          "contextnet.param",
          "flownet.bin",
          "flownet.param",
          "fusionnet.bin",
          "fusionnet.param"
        ]
      },
      "rife-v4.6": {
        "files": [
          "contextnet.bin",
          "contextnet.param",
          "flownet.bin",
          "flownet.param",
          "fusionnet.bin",
          "fusionnet.param"
        ]
      },
      "rife-HD": {
        "files": [
          "contextnet.bin",
          "contextnet.param",
          "flownet.bin",
          "flownet.param",
          "fusionnet.bin",
          "fusionnet.param"
        ]
      },
      "rife-UHD": {
        "files": [
          "contextnet.bin",
          "contextnet.param",
          "flownet.bin",
          "flownet.param",
          "fusionnet.bin",
          "fusionnet.param"
        ]
      },
      "rife-anime": {
        "files": [
          "contextnet.bin",
          "contextnet.param",
          "flownet.bin",
          "flownet.param",
          "fusionnet.bin",
          "fusionnet.param"
        ]
      }
    },
    "notes": "NCNN RIFE engine + model folders. Preferred model is rife-v4.6; fallbacks include rife-v4 and rife.",
    "name": "rife-ncnn-vulkan"
  }
}